Index,Customer Id,First Name,Last Name,Company,City,State,Phone 1,Email,Subscription Date,Website
1,DD37Cf93aecA6Dc,Sheryl,Baxter,Rasmussen Group,Portland,Oregon,229.077.5154,zunigavanessa@smith.info,2020-08-24,http://www.stephenson.com/
2,21Ef7b82A4CAAD10,Preston,Lozano,Vega-Gentry,San Antonio,Texas,515-343-5776,vmata@colon.com,2021-04-23,http://www.hobbs.com/
3,36F94879bDAfE5a6,Roy,Berry,Murillo-Perry,Charlotte,North Carolina,539-402-0259,beckycarr@hogan.com,2020-03-25,http://www.lawrence.com/
4,7a83C45dB92bc1F0,Maria,Chen,Huang-Flores,Columbus,Ohio,614-389-7557,garciajoshua@gmail.com,2022-01-15,http://www.rodriguez.net/
5,eC3A76f091BD4d82,Tyler,Mccarthy,Marsh and Sons,Boulder,Colorado,779-201-4833,daniel54@hotmail.com,2021-11-02,http://www.cunningham.org/
6,F2b5D4e78aC16E90,Rachel,Zimmerman,Baker-Nguyen,Miami,Florida,850-550-8739,dawn72@hotmail.com,2020-05-19,http://www.barker.com/
7,61EfD9c38BA4a570,Gerald,Watkins,Davis-Sanchez,Tulsa,Oklahoma,341-204-7338,eric04@gmail.com,2022-03-28,http://www.rodriguez.com/
8,bd10F97CE65a832D,Patricia,Bowen,Phillips Group,Orlando,Florida,321-277-1454,parkssean@gmail.com,2021-07-09,http://www.harper.com/
9,3A85Cd4Fe607B21a,Natalie,Ford,Lee-Robinson,Minneapolis,Minnesota,779-704-9888,ryan86@yahoo.com,2020-11-11,http://www.russell.biz/
10,542AcB9E8dFf3061,Jonathan,Smith,Mills and Sons,Boise,Idaho,870-364-5952,jessicawalker@gmail.com,2022-02-03,http://www.hall.com/
11,83Ec47b6F01DAd52,Jeremy,Melendez,Watson Inc,Atlanta,Georgia,364-964-3452,davidclark@yahoo.com,2021-09-17,http://www.ryan.net/
12,cE7d95AFB4328a60,Julie,Castillo,Brooks LLC,Providence,Rhode Island,582-742-1224,angelataylor@hotmail.com,2022-04-11,http://www.delgado.com/
13,07aB9c5D4E63Fd81,Lisa,Hurst,Walters-Jones,Detroit,Michigan,809-892-6645,carlosnguyen@hotmail.com,2020-06-30,http://www.nichols.org/
14,928AcB7F3E6d5041,Kimberly,Lawson,Greene and Sons,Anaheim,California,714-347-4276,matthewjohnson@yahoo.com,2021-10-05,http://www.garcia.com/
15,6F1aB4e8C973D520,Daniel,Rios,Turner LLC,Pittsburgh,Pennsylvania,743-862-5972,yrodriguez@hotmail.com,2020-09-07,http://www.chen.net/
16,B79C1d8a0FE65432,Crystal,Mcdonald,Morales-Thompson,Newark,New Jersey,580-384-6822,grahamjames@gmail.com,2021-12-20,http://www.rodriguez.org/
17,9d70F31BcA8E5642,Timothy,Wilson,Martinez Group,Kansas City,Missouri,732-488-9935,gailmcdonald@yahoo.com,2020-04-14,http://www.morgan.com/
18,D4c7F30a58BE9216,Rebecca,Huang,Young-Baker,St. Louis,Missouri,549-253-1836,stevenmartin@gmail.com,2022-05-01,http://www.white.net/
19,87b6FC02a95De341,Amanda,Patterson,Smith-Brown,Richmond,Virginia,240-663-8975,jarodriguez@gmail.com,2021-08-12,http://www.rose.biz/
20,a465CfD7B9E01328,Jessica,Bryant,Allen-Arias,Las Vegas,Nevada,682-485-3694,alanwhite@yahoo.com,2020-07-22,http://www.jones.org/
21,5F6Ab7C8d93E0412,Travis,Vega,Davis LLC,Salt Lake City,Utah,435-701-2283,christophermoore@hotmail.com,2021-05-16,http://www.peterson.com/
22,e84D6fC5B3a17902,Sarah,Wang,Johnson-Harris,Seattle,Washington,772-345-6119,thomasbrooke@gmail.com,2022-01-29,http://www.martinez.org/
23,73Ab6C5D940Ef218,Aaron,Schmidt,Thompson Inc,Cincinnati,Ohio,614-837-9206,gregoryrivera@yahoo.com,2020-10-03,http://www.brown.com/
24,C83E9b6F41a0D527,Nicole,Castaneda,Parker-Williams,Honolulu,Hawaii,808-279-4561,joshuahernandez@hotmail.com,2021-06-07,http://www.hill.net/
25,4D9eC7f2B5a01368,Bradley,Mendoza,Martinez-Kim,Louisville,Kentucky,860-944-6327,murphykimberly@yahoo.com,2022-03-14,http://www.bell.biz/
26,9F1e0A7C6B5d4328,Stephanie,Martin,Edwards Group,Boston,Massachusetts,631-952-8475,bthompson@gmail.com,2020-12-25,http://www.williams.com/
27,B2a7C6D940e8F513,Jordan,Liu,Hernandez Inc,Austin,Texas,361-286-9742,harrislaura@hotmail.com,2021-11-18,http://www.wilson.org/
28,7E9d5A3c1B6F0482,Jennifer,Aguilar,Johnson and Sons,Madison,Wisconsin,347-589-6134,davisrichard@gmail.com,2020-03-11,http://www.martinez.net/
29,0D5F9c4E8b3A7621,Richard,Hines,Roberts-Garcia,Indianapolis,Indiana,702-385-6947,nicolesanchez@yahoo.com,2022-04-26,http://www.schwartz.com/
30,8C3b6A9D2e5F0714,Brittany,Campbell,Robinson LLC,Denver,Colorado,316-732-5489,emilynguyen@gmail.com,2021-07-24,http://www.scott.biz/
31,E7d2F9A4c6B31058,Kevin,Medina,Thompson-Howell,Nashville,Tennessee,571-409-3728,robertwilliams@hotmail.com,2020-08-09,http://www.lee.com/
32,1B9c7D6e5F3A0482,Lauren,Lin,Martinez Group,Phoenix,Arizona,406-952-7346,robert32@yahoo.com,2022-02-17,http://www.ramirez.net/
33,A6B9c0D2E8f4571F,Justin,Chang,Miller-Juarez,Dallas,Texas,469-308-1765,anthonyhernandez@gmail.com,2021-09-02,http://www.lewis.org/
34,9C4d1E8f6B7a3520,Angela,Butler,Wilson Inc,Sacramento,California,765-891-0234,sheilawilliams@hotmail.com,2020-05-04,http://www.evans.com/
35,5A7d0F1e9B6c3428,Mark,Rivera,Brown-Thomas,Buffalo,New York,925-416-8073,krystal21@yahoo.com,2021-10-20,http://www.morgan.biz/
36,F1e6D8c4B9a73052,Samantha,Kim,Johnson LLC,Eugene,Oregon,518-673-9124,wilsonmatthew@gmail.com,2020-06-15,http://www.rivera.com/
37,7E0c6B9a3F5d4281,Eric,Patel,Bennett and Sons,Memphis,Tennessee,480-735-2681,amandabradley@hotmail.com,2022-01-08,http://www.walker.org/
38,D5e9F7a0B3c86214,Michelle,Evans,Wilson-Baker,Omaha,Nebraska,740-569-3842,jasmine45@gmail.com,2021-04-09,http://www.martinez.net/
39,2A8d0F3e6B5c7941,Anthony,Yang,Thompson Group,Tucson,Arizona,501-724-8963,raymond88@yahoo.com,2020-11-26,http://www.davis.com/
40,B9c7F2e5D1a63048,Melissa,Baker,Miller-Martinez,Baltimore,Maryland,540-267-5130,phillipsdustin@hotmail.com,2021-03-21,http://www.johnson.biz/
41,4C8a7F1d0E6b5923,Kyle,Rodriguez,Martinez Inc,San Diego,California,307-826-4195,nwright@gmail.com,2022-05-15,http://www.miller.org/
42,F7e3D2a9B6c51084,Karen,Williams,Johnson Group,Cleveland,Ohio,937-512-8476,morrisjoshua@yahoo.com,2020-09-22,http://www.hall.net/
43,1D0e6C9a7B3f5824,Jacob,Mitchell,Garcia-Martinez,Birmingham,Alabama,410-583-6925,stephaniemartinez@hotmail.com,2022-04-02,http://www.ross.com/
44,8B6a3F2d9E4c7015,Emily,Johnson,Peterson Inc,Chicago,Illinois,903-478-5126,anthonyking@gmail.com,2021-08-27,http://www.miller.net/
45,E2f5A8c7D6b31094,Christopher,Rodriguez,Martinez-Smith,Albuquerque,New Mexico,859-647-0183,christina17@yahoo.com,2020-04-29,http://www.roberts.biz/
46,7D3f9A6c2E8b5140,Amanda,Thomas,Williams LLC,Raleigh,North Carolina,617-358-9472,garciamelissa@gmail.com,2021-12-04,http://www.johnson.com/
47,C5e8F2a9D6b31074,Benjamin,Lee,Garcia Group,Des Moines,Iowa,216-497-3258,heatherjohnson@hotmail.com,2020-07-08,http://www.campbell.org/
48,9A6d2F4e8C3b7051,Catherine,Garcia,Taylor Inc,Philadelphia,Pennsylvania,352-613-8794,millerlisa@gmail.com,2022-03-01,http://www.thompson.net/
49,2F7e9D5a6C3b8041,Ryan,Clark,Johnson-Martinez,New Orleans,Louisiana,562-318-7046,mark67@yahoo.com,2021-05-31,http://www.martin.com/
50,B7c5F2e9A6d30841,Olivia,Martinez,Smith and Sons,San Francisco,California,785-294-6137,jonathan53@hotmail.com,2020-10-18,http://www.baker.biz/
51,8E2d6A9c4F7b1053,David,Taylor,Robinson-Jones,Los Angeles,California,213-459-7826,brandonjohnson@gmail.com,2021-06-22,http://www.wilson.org/
52,3A9d7C5f2E6b1480,Heather,Thompson,Martinez Group,Houston,Texas,281-536-0947,kennethlee@yahoo.com,2022-02-10,http://www.johnson.com/
53,F1e8C6a9D4b23075,Jason,White,Johnson LLC,St. Paul,Minnesota,651-382-9574,morganmatthew@hotmail.com,2020-12-10,http://www.miller.net/
54,9D7c2F5e8A6b3041,Stephanie,Hernandez,Smith-Martin,Cleveland,Ohio,440-618-2453,williamsdaniel@gmail.com,2021-01-22,http://www.anderson.biz/
55,5B8a6C3d9F2e7014,Brandon,Miller,Garcia Inc,Milwaukee,Wisconsin,715-246-8073,kevin27@yahoo.com,2020-03-28,http://www.wilson.com/
56,E7d9F3a6C2b51084,Elizabeth,Smith,Jones-Martinez,Charleston,South Carolina,319-754-6582,adamhernandez@hotmail.com,2022-05-09,http://www.johnson.org/
57,2C8f7A6d9E3b5014,Robert,Martinez,Williams Group,Detroit,Michigan,989-375-1246,jessicagarcia@gmail.com,2021-11-03,http://www.davis.net/
58,7F3e9A5d2C8b6041,Laura,Johnson,Garcia-Wilson,Tampa,Florida,814-263-9571,ashleywilson@yahoo.com,2020-06-01,http://www.thomas.com/
59,B9c5F2e7A6d31084,Thomas,Wilson,Smith and Sons,Santa Fe,New Mexico,828-496-3527,daniellewalker@hotmail.com,2021-03-05,http://www.baker.biz/
60,4A7d9C5f2E6b8031,Ashley,Davis,Martinez Inc,Anchorage,Alaska,505-283-7694,timothy72@gmail.com,2022-04-18,http://www.johnson.com/
61,6F2e9D5a7C3b8014,Matthew,Brown,Johnson-Garcia,New York,New York,337-594-1826,morganchristopher@yahoo.com,2020-09-05,http://www.martinez.net/
62,D8c7F3e6A9b52041,Kelly,Jones,Williams Group,Savannah,Georgia,774-356-9218,nicholasthompson@hotmail.com,2021-07-11,http://www.wilson.org/
63,3A9d7C5f2E6b1480,Nicholas,Thompson,Smith LLC,Scottsdale,Arizona,480-275-3951,wrightjessica@gmail.com,2020-05-20,http://www.garcia.com/
64,8E2d6A9c4F7b1053,Jennifer,Garcia,Martinez and Sons,Minneapolis,Minnesota,612-437-9562,brendathomas@yahoo.com,2021-10-14,http://www.johnson.biz/
65,F1e8C6a9D4b23075,Steven,Williams,Johnson-Wilson,Portland,Maine,608-429-1765,ericperez@hotmail.com,2020-11-09,http://www.martinez.net/
66,9D7c2F5e8A6b3041,Amy,Anderson,Smith Group,Oklahoma City,Oklahoma,580-693-4187,moorekimberly@gmail.com,2022-01-22,http://www.davis.com/
67,5B8a6C3d9F2e7014,Michael,Rodriguez,Garcia Inc,Fort Worth,Texas,418-539-7026,morrisrobert@yahoo.com,2021-04-28,http://www.johnson.org/
68,E7d9F3a6C2b51084,Christine,Taylor,Johnson-Martinez,Burlington,Vermont,218-596-3742,robertwilliams@hotmail.com,2020-07-16,http://www.smith.com/
69,2C8f7A6d9E3b5014,Joshua,Martinez,Smith and Sons,Washington,District of Columbia,510-853-2469,johnsonjulie@gmail.com,2021-12-19,http://www.wilson.biz/
70,7F3e9A5d2C8b6041,Stephanie,Johnson,Wilson Inc,Jackson,Mississippi,651-784-2053,danielgonzalez@yahoo.com,2020-08-30,http://www.martinez.net/
71,B9c5F2e7A6d31084,Ryan,Smith,Garcia-Martinez,Juneau,Alaska,919-347-6128,tiffanyjohnson@hotmail.com,2022-03-18,http://www.johnson.com/
72,4A7d9C5f2E6b8031,Andrew,Wilson,Johnson Group,Little Rock,Arkansas,325-971-8634,robertwilliams@gmail.com,2021-02-08,http://www.garcia.org/
73,6F2e9D5a7C3b8014,Melissa,Garcia,Smith LLC,Hartford,Connecticut,209-648-7352,cooperkimberly@yahoo.com,2020-04-01,http://www.martinez.com/
74,D8c7F3e6A9b52041,Brian,Johnson,Martinez Inc,Billings,Montana,937-582-4916,thomasjoseph@hotmail.com,2021-09-26,http://www.wilson.biz/
75,1D0e6C9a7B3f5824,Christina,Martin,Williams and Sons,Dover,Delaware,606-735-2845,christopher23@gmail.com,2020-12-29,http://www.johnson.net/
76,8B6a3F2d9E4c7015,Daniel,Thompson,Garcia-Johnson,Cheyenne,Wyoming,915-823-7649,laurenbaker@yahoo.com,2021-05-13,http://www.smith.com/
77,E2f5A8c7D6b31094,Melissa,Williams,Martinez Group,Columbia,South Carolina,864-579-1326,morganrobert@hotmail.com,2022-02-24,http://www.wilson.org/
78,7D3f9A6c2E8b5140,Kevin,Garcia,Smith Inc,Wichita,Kansas,620-835-7194,pattersonjustin@gmail.com,2020-06-18,http://www.martinez.net/
79,C5e8F2a9D6b31074,Jessica,Johnson,Wilson-Martinez,Fargo,North Dakota,307-459-8216,stephaniehernandez@yahoo.com,2021-08-02,http://www.johnson.com/
80,9A6d2F4e8C3b7051,Patrick,Smith,Garcia LLC,Virginia Beach,Virginia,308-614-5973,colemanmargaret@hotmail.com,2020-10-11,http://www.williams.biz/
81,2F7e9D5a6C3b8041,Amanda,Wilson,Johnson and Sons,Jersey City,New Jersey,760-329-8457,jennifermiller@gmail.com,2022-04-07,http://www.davis.com/
82,B7c5F2e9A6d30841,John,Martinez,Smith Group,Sioux Falls,South Dakota,614-735-2938,johnsmith@yahoo.com,2021-01-13,http://www.martin.net/
83,8E2d6A9c4F7b1053,Sarah,Johnson,Garcia-Wilson,Pierre,South Dakota,417-563-8294,leesarah@hotmail.com,2020-03-18,http://www.johnson.org/
84,3A9d7C5f2E6b1480,Tyler,Davis,Martinez Inc,Manchester,New Hampshire,843-729-5146,michaelgarcia@gmail.com,2021-11-28,http://www.wilson.com/
85,F1e8C6a9D4b23075,Elizabeth,Miller,Johnson-Smith,Montgomery,Alabama,256-794-3185,robertdavis@yahoo.com,2020-07-29,http://www.smith.biz/
86,9D7c2F5e8A6b3041,Mark,Garcia,Wilson LLC,Helena,Montana,219-583-4627,thompsonjoshua@hotmail.com,2022-05-22,http://www.johnson.net/
87,5B8a6C3d9F2e7014,Rebecca,Thompson,Martinez Group,Concord,New Hampshire,610-437-9265,williamscatherine@gmail.com,2021-03-31,http://www.garcia.org/
88,E7d9F3a6C2b51084,Joseph,Williams,Smith and Sons,Salem,Oregon,541-683-7192,jenniferwilson@yahoo.com,2020-08-14,http://www.martinez.com/
89,2C8f7A6d9E3b5014,Kimberly,Smith,Johnson Inc,Baton Rouge,Louisiana,724-965-3814,johnsonkimberly@hotmail.com,2021-06-06,http://www.wilson.biz/
90,7F3e9A5d2C8b6041,David,Johnson,Garcia-Martinez,Topeka,Kansas,408-517-9436,matthewbaker@gmail.com,2020-11-21,http://www.davis.net/
91,B9c5F2e7A6d31084,Stephanie,Wilson,Smith Group,Lincoln,Nebraska,541-286-7359,christopher64@yahoo.com,2022-01-01,http://www.johnson.com/
92,4A7d9C5f2E6b8031,Matthew,Garcia,Martinez Inc,Springfield,Illinois,503-418-6752,lisawilliams@hotmail.com,2021-09-11,http://www.smith.org/
93,6F2e9D5a7C3b8014,Jennifer,Johnson,Williams LLC,Montpelier,Vermont,940-362-5814,andrewgarcia@gmail.com,2020-05-24,http://www.martinez.com/
94,D8c7F3e6A9b52041,Jason,Smith,Garcia-Johnson,Frankfort,Kentucky,678-523-9147,johnsondavid@yahoo.com,2021-10-29,http://www.wilson.biz/
95,1D0e6C9a7B3f5824,Laura,Martinez,Wilson Group,Olympia,Washington,401-784-2637,rodrigueznancy@hotmail.com,2020-12-14,http://www.johnson.net/
96,8B6a3F2d9E4c7015,Brian,Williams,Smith Inc,Annapolis,Maryland,810-394-6528,millermichael@gmail.com,2022-03-09,http://www.garcia.org/
97,E2f5A8c7D6b31094,Amanda,Johnson,Martinez-Wilson,Augusta,Maine,802-563-9174,taylorrobert@yahoo.com,2021-05-02,http://www.smith.com/
98,7D3f9A6c2E8b5140,Robert,Garcia,Johnson and Sons,Denver,Colorado,781-529-3846,johnsonmichael@hotmail.com,2020-09-29,http://www.williams.biz/
99,C5e8F2a9D6b31074,Melissa,Smith,Martinez Group,Tallahassee,Florida,209-437-5126,robertmiller@gmail.com,2021-02-15,http://www.wilson.org/
100,9A6d2F4e8C3b7051,Christopher,Johnson,Garcia-Smith,Harrisburg,Pennsylvania,517-638-9247,williamsmark@yahoo.com,2020-04-16,http://www.martinez.net/